{
    "current_round": [
        1,
        2,
        3,
        4,
        5,
        6,
        7,
        8,
        9,
        10
    ],
    "global_loss": [
        7.032242145493627,
        7.178977125644684,
        4.006493558065966,
        4.904684845994226,
        4.021562165001873,
        3.6745390275726093,
        4.905296181651123,
        4.519028090556618,
        5.764426536253013,
        5.4029852187805805
    ],
    "global_accuracy": [
        0.4336,
        0.5419,
        0.6165,
        0.6428,
        0.6724,
        0.7279,
        0.6745,
        0.7427,
        0.645,
        0.6933
    ],
    "total_time": [
        0.6616416432175733,
        0.6616416432175733,
        0.6616416432175733,
        0.6616416432175733,
        0.6616416432175733,
        0.6616416432175733,
        0.6616416432175733,
        0.6616416432175733,
        0.6616416432175733,
        0.6616416432175733
    ],
    "total_energy": [
        0.5089019085011824,
        0.5089019085011824,
        0.5089019085011824,
        0.5089019085011824,
        0.5089019085011824,
        0.5089019085011824,
        0.5089019085011824,
        0.5089019085011824,
        0.5089019085011824,
        0.5089019085011824
    ],
    "env_all_time": [
        14615.982871768072,
        14616.64451341129,
        14617.306155054506,
        14617.967796697723,
        14618.62943834094,
        14619.291079984157,
        14619.952721627375,
        14620.614363270592,
        14621.276004913809,
        14621.937646557026
    ],
    "env_all_energy": [
        7978.98585922356,
        7979.49476113206,
        7980.003663040561,
        7980.512564949062,
        7981.021466857563,
        7981.5303687660635,
        7982.039270674564,
        7982.548172583065,
        7983.057074491566,
        7983.565976400067
    ]
}