{
    "current_round": [
        1,
        2,
        3,
        4,
        5,
        6,
        7,
        8,
        9,
        10
    ],
    "global_loss": [
        4.050557656794786,
        3.0932304038256406,
        1.9070064260698856,
        1.9650127041763625,
        2.2711211674662772,
        1.9299852663818746,
        1.5555598383711768,
        0.9901007662512129,
        1.58228260564839,
        1.6455994362981874
    ],
    "global_accuracy": [
        0.4355,
        0.518,
        0.6209,
        0.6794,
        0.6482,
        0.6608,
        0.7453,
        0.8318,
        0.8164,
        0.7677
    ],
    "total_time": [
        0.6640442878764936,
        0.6640442878764936,
        0.6640442878764936,
        0.6682639579977999,
        0.6682639579977999,
        0.6682639579977999,
        0.6682639579977999,
        1.7382475244982374,
        2.145142196659259,
        0.6682639579977999
    ],
    "total_energy": [
        0.5777142422631757,
        0.5777142422631757,
        0.5777142422631757,
        0.5796702138020233,
        0.5796702138020233,
        0.5796702138020233,
        0.5796702138020233,
        1.5939253165188094,
        1.7627238913670291,
        0.5796702138020233
    ],
    "env_all_time": [
        2027.2618389728632,
        2027.9258832607397,
        2028.5899275486163,
        2029.2581915066141,
        2029.926455464612,
        2030.5947194226098,
        2031.2629833806077,
        2033.001230905106,
        2035.1463731017652,
        2035.814637059763
    ],
    "env_all_energy": [
        2925.3670122923113,
        2925.9447265345743,
        2926.5224407768374,
        2927.102110990639,
        2927.681781204441,
        2928.261451418243,
        2928.8411216320446,
        2930.4350469485635,
        2932.1977708399304,
        2932.777441053732
    ]
}