{
    "current_round": [
        1,
        2,
        3,
        4,
        5,
        6,
        7,
        8,
        9,
        10
    ],
    "global_loss": [
        5.335459115982055,
        6.721714645206928,
        6.237237144447863,
        3.8974636995196343,
        3.908671099022031,
        3.905021153278649,
        3.6841018961984666,
        4.073530784779461,
        3.814546867957339,
        3.4422788246470737
    ],
    "global_accuracy": [
        0.4993,
        0.5016,
        0.5453,
        0.5633,
        0.5869,
        0.6013,
        0.6415,
        0.6603,
        0.6478,
        0.6796
    ],
    "total_time": [
        0.5997351349020946,
        0.5997351349020946,
        0.5957139438496671,
        0.5957139438496671,
        0.5957139438496671,
        0.5957139438496671,
        0.5957139438496671,
        0.5997351349020946,
        0.5957139438496671,
        0.5957139438496671
    ],
    "total_energy": [
        0.3378140394697765,
        0.3378140394697765,
        0.3362055630488055,
        0.3362055630488055,
        0.3362055630488055,
        0.3362055630488055,
        0.3362055630488055,
        0.3378140394697765,
        0.3362055630488055,
        0.3362055630488055
    ],
    "env_all_time": [
        9288.827749382319,
        9289.42748451722,
        9290.023198461071,
        9290.618912404922,
        9291.214626348772,
        9291.810340292623,
        9292.406054236473,
        9293.005789371375,
        9293.601503315225,
        9294.197217259076
    ],
    "env_all_energy": [
        5630.105664359717,
        5630.4434783991865,
        5630.779683962235,
        5631.115889525284,
        5631.4520950883325,
        5631.788300651381,
        5632.12450621443,
        5632.4623202539,
        5632.798525816948,
        5633.134731379997
    ]
}