{
    "current_round": [
        1,
        2,
        3,
        4,
        5,
        6,
        7,
        8,
        9,
        10
    ],
    "global_loss": [
        4.581176009789109,
        2.247469589240849,
        1.1087625253843143,
        1.5572048823286313,
        0.8480651017711498,
        1.0494009366502286,
        0.7335799712958978,
        0.8609507194363251,
        0.8322067384826951,
        0.7027781341513619
    ],
    "global_accuracy": [
        0.3624,
        0.6418,
        0.8127,
        0.7616,
        0.8527,
        0.7997,
        0.8662,
        0.8617,
        0.8774,
        0.8876
    ],
    "total_time": [
        1.6387843699984566,
        1.5517541039945362,
        1.6387843699984566,
        1.4749626873420543,
        1.6868010660766435,
        1.5517541039945362,
        1.4398580377364965,
        1.5121948900600546,
        1.3753413806379264,
        1.4749626873420543
    ],
    "total_energy": [
        1.4372896268456556,
        1.4038368907418977,
        1.4372896268456556,
        1.3755541720653088,
        1.456250254715391,
        1.4038368907418977,
        1.3631097349015504,
        1.3891008032411096,
        1.3412300450708283,
        1.3755541720653088
    ],
    "env_all_time": [
        2177.7429798932867,
        2179.294733997281,
        2180.9335183672797,
        2182.408481054622,
        2184.0952821206984,
        2185.647036224693,
        2187.0868942624293,
        2188.5990891524893,
        2189.9744305331274,
        2191.4493932204696
    ],
    "env_all_energy": [
        3046.3038767400444,
        3047.707713630786,
        3049.1450032576317,
        3050.520557429697,
        3051.9768076844125,
        3053.3806445751543,
        3054.743754310056,
        3056.132855113297,
        3057.474085158368,
        3058.849639330433
    ]
}