{
    "current_round": [
        1,
        2,
        3,
        4,
        5,
        6,
        7,
        8,
        9,
        10,
        11,
        12,
        13,
        14,
        15,
        16,
        17,
        18,
        19,
        20,
        21,
        22,
        23,
        24,
        25,
        26,
        27,
        28,
        29,
        30,
        31,
        32,
        33,
        34,
        35,
        36,
        37,
        38,
        39,
        40,
        41,
        42,
        43,
        44,
        45,
        46,
        47,
        48,
        49,
        50
    ],
    "global_loss": [],
    "global_accuracy": [
        0.7199,
        0.9301,
        0.9625,
        0.9655,
        0.9715,
        0.974,
        0.9741,
        0.9767,
        0.9732,
        0.9763,
        0.9765,
        0.975,
        0.9767,
        0.9787,
        0.9778,
        0.9766,
        0.9774,
        0.9787,
        0.9791,
        0.9793,
        0.9796,
        0.9808,
        0.9766,
        0.9783,
        0.9795,
        0.9809,
        0.9777,
        0.9807,
        0.9815,
        0.9805,
        0.98,
        0.9811,
        0.9786,
        0.9774,
        0.9794,
        0.9802,
        0.9801,
        0.9801,
        0.979,
        0.98,
        0.9796,
        0.9812,
        0.9798,
        0.9795,
        0.9808,
        0.9809,
        0.9797,
        0.979,
        0.9798,
        0.9801
    ],
    "total_time": [
        0.2852974622383198,
        0.2852974622383198,
        0.2852974622383198,
        0.2852974622383198,
        0.2852974622383198,
        0.2852974622383198,
        0.2852974622383198,
        0.2852974622383198,
        0.2852974622383198,
        0.2852974622383198,
        0.2852974622383198,
        0.2852974622383198,
        0.2852974622383198,
        0.2852974622383198,
        0.2852974622383198,
        0.2852974622383198,
        0.2852974622383198,
        0.2852974622383198,
        0.2852974622383198,
        0.2852974622383198,
        0.2852974622383198,
        0.2852974622383198,
        0.2852974622383198,
        0.2852974622383198,
        0.2852974622383198,
        0.2852974622383198,
        0.2852974622383198,
        0.2852974622383198,
        0.2852974622383198,
        0.2852974622383198,
        0.2852974622383198,
        0.2852974622383198,
        0.2852974622383198,
        0.2852974622383198,
        0.2852974622383198,
        0.2852974622383198,
        0.2852974622383198,
        0.2852974622383198,
        0.2852974622383198,
        0.2852974622383198,
        0.2852974622383198,
        0.2852974622383198,
        0.2852974622383198,
        0.2852974622383198,
        0.2852974622383198,
        0.2852974622383198,
        0.2852974622383198,
        0.2852974622383198,
        0.2852974622383198,
        0.2852974622383198
    ],
    "total_energy": [
        1.7116520946229778,
        1.7116520946229778,
        1.7116520946229778,
        1.7116520946229778,
        1.7116520946229778,
        1.7116520946229778,
        1.7116520946229778,
        1.7116520946229778,
        1.7116520946229778,
        1.7116520946229778,
        1.7116520946229778,
        1.7116520946229778,
        1.7116520946229778,
        1.7116520946229778,
        1.7116520946229778,
        1.7116520946229778,
        1.7116520946229778,
        1.7116520946229778,
        1.7116520946229778,
        1.7116520946229778,
        1.7116520946229778,
        1.7116520946229778,
        1.7116520946229778,
        1.7116520946229778,
        1.7116520946229778,
        1.7116520946229778,
        1.7116520946229778,
        1.7116520946229778,
        1.7116520946229778,
        1.7116520946229778,
        1.7116520946229778,
        1.7116520946229778,
        1.7116520946229778,
        1.7116520946229778,
        1.7116520946229778,
        1.7116520946229778,
        1.7116520946229778,
        1.7116520946229778,
        1.7116520946229778,
        1.7116520946229778,
        1.7116520946229778,
        1.7116520946229778,
        1.7116520946229778,
        1.7116520946229778,
        1.7116520946229778,
        1.7116520946229778,
        1.7116520946229778,
        1.7116520946229778,
        1.7116520946229778,
        1.7116520946229778
    ]
}