{
    "current_round": [
        1,
        2,
        3,
        4,
        5,
        6,
        7,
        8,
        9,
        10
    ],
    "global_loss": [
        1.9130732274055482,
        3.682546555131674,
        2.3768081934154033,
        1.5108936691433192,
        0.4039304500941653,
        0.2990388584588654,
        0.1818689925063518,
        0.32598681140993724,
        0.2123934196945629,
        0.2210506886605872
    ],
    "global_accuracy": [
        0.5425,
        0.3905,
        0.6161,
        0.7819,
        0.8789,
        0.9125,
        0.9501,
        0.909,
        0.9385,
        0.9384
    ],
    "total_time": [
        4.314729019528523,
        2.7213370818902236,
        6.693431468690239,
        2.852270207956155,
        4.0081335561840445,
        2.704047526473602,
        3.3159672982867776,
        3.912579500763126,
        3.1744699550220035,
        2.735176684732867
    ],
    "total_energy": [
        6.866498732432764,
        6.238610663324093,
        7.920420218433396,
        6.408763479260383,
        6.446221352089871,
        5.828767354699815,
        6.19994724430732,
        6.340149511711527,
        6.143658512253033,
        6.404148964012966
    ],
    "env_all_time": [],
    "env_all_energy": []
}