{
    "current_round": [
        1,
        2,
        3,
        4,
        5,
        6,
        7,
        8,
        9,
        10
    ],
    "global_loss": [
        2.9823255865871907,
        3.1945653875172138,
        0.9949389105439186,
        1.100580119474791,
        1.0113578173182904,
        0.750756692036055,
        0.6827825582273653,
        0.613955549986902,
        0.3628861150679877,
        0.2510065478827455
    ],
    "global_accuracy": [
        0.4127,
        0.5536,
        0.7422,
        0.7623,
        0.7829,
        0.8317,
        0.8582,
        0.8698,
        0.9026,
        0.9363
    ],
    "total_time": [
        1.9869053874704385,
        2.7036250046431523,
        1.9869053874704385,
        2.4449592904115742,
        2.4449592904115742,
        2.567106990093993,
        2.3350263583662905,
        1.6387843699984566,
        2.936849516398439,
        2.0674980956231335
    ],
    "total_energy": [
        1.695627125898059,
        4.681174541261375,
        1.695627125898059,
        2.8769290400358765,
        1.8929085102930374,
        2.9163243832088344,
        2.8366421616765374,
        1.55519018230332,
        4.848268990157177,
        3.103265257188432
    ],
    "env_all_time": [
        2970.5956266860735,
        2973.2992516907166,
        2975.286157078187,
        2977.7311163685986,
        2980.17607565901,
        2982.7431826491043,
        2985.0782090074704,
        2986.716993377469,
        2989.6538428938675,
        2991.7213409894907
    ],
    "env_all_energy": [
        5402.703463892567,
        5407.3846384338285,
        5409.080265559726,
        5411.957194599762,
        5413.850103110055,
        5416.766427493264,
        5419.603069654941,
        5421.158259837244,
        5426.006528827402,
        5429.10979408459
    ]
}