{
    "current_round": [
        1,
        2,
        3,
        4,
        5,
        6,
        7,
        8,
        9,
        10
    ],
    "global_loss": [
        2.782184999346733,
        2.8337212672233583,
        0.9504818667583168,
        1.0703945471141487,
        0.4212141179558821,
        0.4076619890339207,
        0.27731301033555067,
        0.2708315544979414,
        0.2156376183119137,
        0.2347227475058171
    ],
    "global_accuracy": [
        0.4064,
        0.5587,
        0.7248,
        0.7277,
        0.8811,
        0.8948,
        0.9314,
        0.9297,
        0.9486,
        0.9436
    ],
    "total_time": [
        2.3350263583662905,
        2.3350263583662905,
        2.3350263583662905,
        2.3350263583662905,
        2.3350263583662905,
        2.560130589067792,
        2.560130589067792,
        2.560130589067792,
        2.560130589067792,
        2.560130589067792
    ],
    "total_energy": [
        5.897859553531742,
        5.897859553531742,
        5.897859553531742,
        5.897859553531742,
        5.897859553531742,
        6.185760946404612,
        6.185760946404612,
        6.185760946404612,
        6.185760946404612,
        6.185760946404612
    ],
    "env_all_time": [
        2.3350263583662905,
        4.670052716732581,
        7.005079075098871,
        9.340105433465162,
        11.675131791831452,
        14.235262380899243,
        16.795392969967036,
        19.35552355903483,
        21.91565414810262,
        24.475784737170414
    ],
    "env_all_energy": [
        5.897859553531742,
        11.795719107063483,
        17.693578660595225,
        23.591438214126967,
        29.48929776765871,
        35.67505871406332,
        41.86081966046793,
        48.046580606872546,
        54.23234155327716,
        60.41810249968177
    ]
}