{
    "current_round": [
        1,
        2,
        3,
        4,
        5,
        6,
        7,
        8,
        9,
        10
    ],
    "global_loss": [
        7.307537662625313,
        5.476885500818491,
        4.513071717530489,
        5.863498810082674,
        6.01259747665748,
        6.009076478378847,
        4.587225196462125,
        6.07221796281822,
        5.826424675383605,
        6.388620811257511
    ],
    "global_accuracy": [
        0.4414,
        0.4911,
        0.5472,
        0.5622,
        0.5817,
        0.6333,
        0.6227,
        0.5692,
        0.6022,
        0.5574
    ],
    "total_time": [
        0.62174079854118,
        0.62174079854118,
        0.62174079854118,
        0.62174079854118,
        0.62174079854118,
        0.62174079854118,
        0.62174079854118,
        0.62174079854118,
        0.62174079854118,
        0.62174079854118
    ],
    "total_energy": [
        0.5105843194164721,
        0.5105843194164721,
        0.5105843194164721,
        0.5105843194164721,
        0.5105843194164721,
        0.5105843194164721,
        0.5105843194164721,
        0.5105843194164721,
        0.5105843194164721,
        0.5105843194164721
    ],
    "env_all_time": [
        1677.3074193420816,
        1677.9291601406228,
        1678.550900939164,
        1679.1726417377051,
        1679.7943825362463,
        1680.4161233347875,
        1681.0378641333286,
        1681.6596049318698,
        1682.281345730411,
        1682.9030865289521
    ],
    "env_all_energy": [
        2672.9154205122886,
        2673.426004831705,
        2673.9365891511216,
        2674.447173470538,
        2674.9577577899545,
        2675.468342109371,
        2675.9789264287874,
        2676.489510748204,
        2677.0000950676204,
        2677.510679387037
    ]
}