{
    "current_round": [
        1,
        2,
        3,
        4,
        5,
        6,
        7,
        8,
        9,
        10
    ],
    "global_loss": [
        2.864574516952038,
        2.820662908345461,
        0.9521150591317564,
        0.8834597091143951,
        0.6676377816605382,
        0.48385635747446215,
        0.2537097439119243,
        0.1998851675244514,
        0.17146286589908413,
        0.14020665675378405
    ],
    "global_accuracy": [
        0.4397,
        0.5596,
        0.72,
        0.8008,
        0.8582,
        0.8755,
        0.9209,
        0.9408,
        0.953,
        0.9595
    ],
    "total_time": [
        2.327741517913984,
        2.3350263583662905,
        2.3350263583662905,
        2.2815630050285542,
        2.3350263583662905,
        2.560130589067792,
        2.327741517913984,
        2.560130589067792,
        2.327741517913984,
        2.3350263583662905
    ],
    "total_energy": [
        5.564294157419599,
        5.771568727373138,
        6.045588602949094,
        5.718403193024135,
        5.861045469042358,
        5.969077013825038,
        5.469036506680862,
        5.971300707180865,
        5.69172479423361,
        5.995340897626306
    ],
    "env_all_time": [
        2.327741517913984,
        4.662767876280275,
        6.997794234646565,
        9.27935723967512,
        11.61438359804141,
        14.174514187109203,
        16.502255705023188,
        19.06238629409098,
        21.390127812004966,
        23.725154170371255
    ],
    "env_all_energy": [
        5.564294157419599,
        11.335862884792737,
        17.38145148774183,
        23.099854680765965,
        28.960900149808324,
        34.92997716363336,
        40.39901367031422,
        46.370314377495085,
        52.06203917172869,
        58.057380069355
    ]
}