{
    "current_round": [
        1,
        2,
        3,
        4,
        5,
        6,
        7,
        8,
        9,
        10
    ],
    "global_loss": [
        2.381142691373825,
        2.1492284541875124,
        2.448968406572938,
        1.4335051367394627,
        0.4251359740989283,
        0.19824055317536113,
        0.2962522317538969,
        0.20178377069777342,
        0.24213881544498145,
        0.12943623505730648
    ],
    "global_accuracy": [
        0.4553,
        0.4562,
        0.6004,
        0.8193,
        0.8881,
        0.9465,
        0.9202,
        0.9457,
        0.9303,
        0.964
    ],
    "total_time": [
        4.269974961953464,
        2.7213370818902236,
        7.986940616739963,
        2.9216059563410512,
        4.306548055037461,
        2.665894519886342,
        3.181755039926668,
        3.912579500763126,
        3.0405221885791276,
        3.1272242870359697
    ],
    "total_energy": [
        6.834178774568378,
        6.300569473561968,
        8.341615998872243,
        5.943956247186762,
        6.832386562096538,
        6.530109971086317,
        6.370549645451273,
        6.615185458375992,
        6.651422906823908,
        6.174648742352741
    ],
    "env_all_time": [
        4.269974961953464,
        6.9913120438436875,
        14.97825266058365,
        17.8998586169247,
        22.20640667196216,
        24.872301191848504,
        28.05405623177517,
        31.966635732538297,
        35.007157921117425,
        38.1343822081534
    ],
    "env_all_energy": [
        6.834178774568378,
        13.134748248130347,
        21.47636424700259,
        27.42032049418935,
        34.252707056285885,
        40.782817027372204,
        47.15336667282348,
        53.76855213119947,
        60.41997503802338,
        66.59462378037612
    ]
}