{
    "current_round": [
        1,
        2,
        3,
        4,
        5,
        6,
        7,
        8,
        9,
        10
    ],
    "global_loss": [
        2.6834219722151755,
        1.4367890809178352,
        3.2503192303106188,
        0.8476033105850219,
        1.9138826974071563,
        0.5237493428974412,
        0.8755814540134743,
        0.29156997641376803,
        0.7242203536577873,
        0.26625689846044404
    ],
    "global_accuracy": [
        0.3892,
        0.6387,
        0.5855,
        0.7818,
        0.6795,
        0.8582,
        0.7866,
        0.9135,
        0.8316,
        0.926
    ],
    "total_time": [
        36.94389278350728,
        42.02080684644634,
        9.463519503099027,
        20.003128493064455,
        0.5957139438496671,
        7.936604104444572,
        0.6640442878764936,
        36.46188337082471,
        1.5390684567986224,
        43.120194434061105
    ],
    "total_energy": [
        31.803793931318623,
        36.814222162624944,
        12.347728953539047,
        16.106085695998345,
        0.3362055630488055,
        8.330827490321838,
        0.5777142422631757,
        25.353866606965386,
        1.3341843931112531,
        24.581229367520923
    ],
    "env_all_time": [
        36.94389278350728,
        78.96469962995363,
        88.42821913305265,
        108.4313476261171,
        109.02706156996678,
        116.96366567441135,
        117.62770996228784,
        154.08959333311253,
        155.62866178991115,
        198.74885622397227
    ],
    "env_all_energy": [
        31.803793931318623,
        68.61801609394357,
        80.96574504748261,
        97.07183074348096,
        97.40803630652977,
        105.7388637968516,
        106.31657803911477,
        131.67044464608017,
        133.00462903919143,
        157.58585840671236
    ]
}