{
    "current_round": [
        1,
        2,
        3,
        4,
        5,
        6,
        7,
        8,
        9,
        10
    ],
    "global_loss": [
        2.0972427597641943,
        1.1524090230315924,
        1.2852877133022993,
        0.44107259962079115,
        0.23929588753578718,
        0.14282794375100638,
        0.11752112588827732,
        0.10271446670574369,
        0.09590716208005325,
        0.0957906938472297
    ],
    "global_accuracy": [
        0.4322,
        0.6618,
        0.7514,
        0.8699,
        0.9339,
        0.9585,
        0.9665,
        0.9696,
        0.972,
        0.9732
    ],
    "total_time": [
        5.16925773897315,
        5.16925773897315,
        5.16925773897315,
        5.16925773897315,
        5.16925773897315,
        5.16925773897315,
        5.16925773897315,
        5.16925773897315,
        5.16925773897315,
        5.16925773897315
    ],
    "total_energy": [
        21.87223295784499,
        21.87223295784499,
        21.87223295784499,
        21.87223295784499,
        21.583531714925908,
        21.87223295784499,
        21.87223295784499,
        21.728293828230807,
        21.87223295784499,
        21.87223295784499
    ],
    "env_all_time": [
        5.16925773897315,
        10.3385154779463,
        15.50777321691945,
        20.6770309558926,
        25.846288694865752,
        31.015546433838903,
        36.18480417281205,
        41.3540619117852,
        46.52331965075835,
        51.692577389731504
    ],
    "env_all_energy": [
        21.87223295784499,
        43.74446591568998,
        65.61669887353497,
        87.48893183137996,
        109.07246354630587,
        130.94469650415087,
        152.81692946199587,
        174.5452232902267,
        196.4174562480717,
        218.2896892059167
    ]
}