{
    "current_round": [
        1,
        2,
        3,
        4,
        5,
        6,
        7,
        8,
        9,
        10,
        11,
        12,
        13,
        14,
        15,
        16,
        17,
        18,
        19,
        20,
        21,
        22,
        23,
        24,
        25,
        26,
        27,
        28,
        29,
        30,
        31,
        32,
        33,
        34,
        35,
        36,
        37,
        38,
        39,
        40,
        41,
        42,
        43,
        44,
        45,
        46,
        47,
        48,
        49,
        50,
        51,
        52,
        53,
        54,
        55,
        56,
        57,
        58,
        59,
        60,
        61,
        62,
        63,
        64,
        65
    ],
    "global_loss": [],
    "global_accuracy": [
        0.1282,
        0.197,
        0.199,
        0.2177,
        0.2207,
        0.266,
        0.1918,
        0.2692,
        0.2931,
        0.2654,
        0.2917,
        0.2989,
        0.2739,
        0.256,
        0.2798,
        0.3136,
        0.3281,
        0.3294,
        0.3064,
        0.3284,
        0.3464,
        0.3423,
        0.3383,
        0.3619,
        0.3356,
        0.3748,
        0.3509,
        0.3672,
        0.346,
        0.3427,
        0.3516,
        0.3795,
        0.3765,
        0.3825,
        0.3523,
        0.367,
        0.3811,
        0.3792,
        0.3773,
        0.3658,
        0.3751,
        0.3923,
        0.3797,
        0.3364,
        0.4059,
        0.3466,
        0.3601,
        0.3763,
        0.4036,
        0.3556,
        0.3679,
        0.3976,
        0.4075,
        0.4077,
        0.3717,
        0.4295,
        0.4163,
        0.4276,
        0.3918,
        0.4107,
        0.3703,
        0.4353,
        0.3956,
        0.3991,
        0.4487
    ],
    "total_time": [
        0.32310209887138464,
        0.2107678300073396,
        0.2267137836463121,
        0.42363537578371424,
        0.2513151636452211,
        0.26348650216884417,
        0.28037997522020847,
        0.2264883724582749,
        0.32094423613687084,
        0.28835502790018974,
        0.3588545291643689,
        0.27975734301786265,
        0.3036495277058922,
        0.2507948512336566,
        0.2376030268264625,
        0.21765981185996103,
        0.21863164219872575,
        0.22106132573576243,
        0.23142881759868236,
        0.2214659062371596,
        0.379378140856178,
        0.33480095356835265,
        0.3241679126216065,
        0.40341053243967906,
        0.22635270851202205,
        0.3187596446660471,
        0.42704680280847307,
        0.3321969878085638,
        0.41529039358404657,
        0.2980748722430005,
        0.30886638560216984,
        0.31335492325099223,
        0.22741278235126006,
        0.3207666749529695,
        0.30625257328727606,
        0.28179708383724933,
        0.23794145083856671,
        0.30356614037332386,
        0.23380506998461398,
        0.42170382939593853,
        0.4000595494879798,
        0.3868715192070882,
        0.2513644443887393,
        0.23934046426678648,
        0.3127484943111718,
        0.3425864233825623,
        0.41784979406650286,
        0.22491398250858413,
        0.31429124595451563,
        0.30910090497656106,
        0.2509753624151706,
        0.23151551936699133,
        0.21947780306133416,
        0.3704589307300634,
        0.3236084570708317,
        0.3588545291643689,
        0.2441323895970748,
        0.3588545291643689,
        0.2287950666226314,
        0.20863939552061794,
        0.3161407693002141,
        0.2507397600006307,
        0.24805137455021808,
        0.30356614037332386,
        0.2970519458827881
    ],
    "total_energy": [
        3.2540017744063707,
        2.620288229602897,
        2.6306064062439334,
        3.022142666535368,
        3.0240892712578176,
        2.59572584344055,
        2.5606998560355763,
        2.638535934832524,
        3.26963197128724,
        2.799837011286933,
        3.119469093990621,
        2.904563530610021,
        2.7532867926932445,
        3.019532030167022,
        2.6865513233189544,
        2.6910460969135763,
        2.4593521925622865,
        2.486468846251696,
        2.7557236157017617,
        2.482954216901463,
        2.912254643218813,
        2.798879299749448,
        3.213061793260135,
        3.1906717350347322,
        2.6184365291341614,
        3.058371291014974,
        3.2742627880058834,
        2.9463307006715382,
        3.4373071965156026,
        3.1525861672589603,
        2.62323069100726,
        2.5373264033153715,
        2.6129871061573193,
        2.7980010658036365,
        2.9310865170712583,
        2.758101499771664,
        2.6910187424887932,
        2.470445180436723,
        2.576360669289344,
        3.042004030094331,
        3.2998615377336207,
        2.8159037335786032,
        2.587250831803442,
        2.6376032095895137,
        2.6479549517275767,
        2.6953176889702264,
        3.5889148917175206,
        2.7626724652649433,
        2.691520674933672,
        2.8271661319486747,
        2.526746451673217,
        2.5777140019085096,
        3.003425660945447,
        3.8883554202973207,
        2.88032025544849,
        3.5362751930147844,
        2.6638035638710114,
        3.2202055379094765,
        2.4735538019378542,
        2.455675152972849,
        2.5965550063891785,
        2.7227513148020894,
        2.6573686076119385,
        2.556696424609169,
        2.7572112941547346
    ]
}