{
    "current_round": [
        1,
        2,
        3,
        4,
        5,
        6,
        7,
        8,
        9,
        10,
        11,
        12,
        13,
        14,
        15,
        16,
        17,
        18,
        19,
        20,
        21,
        22,
        23,
        24,
        25,
        26,
        27,
        28,
        29,
        30,
        31,
        32,
        33,
        34,
        35,
        36,
        37,
        38,
        39,
        40,
        41,
        42,
        43,
        44,
        45,
        46,
        47,
        48,
        49,
        50,
        51,
        52,
        53
    ],
    "global_loss": [],
    "global_accuracy": [
        0.1516,
        0.1768,
        0.2413,
        0.2395,
        0.2562,
        0.2564,
        0.2657,
        0.3016,
        0.2851,
        0.2863,
        0.3113,
        0.2841,
        0.305,
        0.3173,
        0.3499,
        0.3175,
        0.332,
        0.3309,
        0.3452,
        0.3432,
        0.3579,
        0.3716,
        0.3642,
        0.3887,
        0.3925,
        0.3918,
        0.3826,
        0.393,
        0.3933,
        0.4027,
        0.4135,
        0.4177,
        0.41,
        0.4203,
        0.4218,
        0.4211,
        0.4242,
        0.4155,
        0.431,
        0.4281,
        0.4333,
        0.4025,
        0.4356,
        0.4177,
        0.4354,
        0.4249,
        0.4399,
        0.4302,
        0.4332,
        0.4271,
        0.4315,
        0.4278,
        0.4427
    ],
    "total_time": [
        0.2996259070323787,
        0.29982034847621275,
        0.29955020451246195,
        0.299348681192364,
        0.299991455579311,
        0.299730875669621,
        0.29963511073837784,
        0.29922548441952523,
        0.2992739826075033,
        0.29999243936828907,
        0.29978802058084925,
        0.2999028533663759,
        0.29946237774003903,
        0.2998125242645618,
        0.29892431946640285,
        0.29999243936828907,
        0.2999929664253571,
        0.2998300769997313,
        0.29999243936828907,
        0.29980022517468363,
        0.29998327266367625,
        0.29999243936828907,
        0.29999243936828907,
        0.2997939686317489,
        0.2993314689568426,
        0.2995361892651256,
        0.29980037444569346,
        0.29999243936828907,
        0.2999831752651304,
        0.2996868251788642,
        0.299947582956003,
        0.299947582956003,
        0.299348681192364,
        0.299947582956003,
        0.2997724783969836,
        0.299348681192364,
        0.299947582956003,
        0.29875364594896825,
        0.299947582956003,
        0.299348681192364,
        0.299348681192364,
        0.2997827665072673,
        0.2999855870640299,
        0.29981967492616346,
        0.299947582956003,
        0.29989029075556617,
        0.29922561235370837,
        0.2996686580134783,
        0.2998759987494428,
        0.29953532579566056,
        0.29999243936828907,
        0.29999243936828907,
        0.2997808797976004
    ],
    "total_energy": [
        9.406516384212313,
        9.306790736124714,
        9.416181637013176,
        9.309770385856426,
        9.442669076905844,
        9.129321936205065,
        9.362797349532373,
        9.175706195458751,
        9.381793621730365,
        9.353233008523233,
        9.304358265460833,
        9.21249681557919,
        9.34959700175515,
        9.465929241045421,
        9.431801451811895,
        9.324188019931885,
        9.413134713011642,
        9.092652860252034,
        9.205830495091435,
        9.694663324065216,
        9.521764211519788,
        9.581699397325416,
        9.687760515224875,
        9.604205942941244,
        9.606099570897143,
        9.278790678318739,
        9.375446890292565,
        9.488475874714512,
        9.273584665283733,
        9.260318085742604,
        9.38062450413852,
        9.699257766795954,
        9.478416164143654,
        9.331738852098853,
        9.289205528859483,
        9.217833373507096,
        9.688547277155854,
        9.244209305809827,
        9.361756074760159,
        9.52434556683678,
        9.393895404502828,
        9.292587143631854,
        9.326098159843967,
        9.269840551466851,
        9.37672333795107,
        9.902821554378665,
        9.892301695533869,
        9.780046040789564,
        9.479812385184479,
        9.449629454191575,
        9.333078088654815,
        9.855423033577617,
        9.740949803858637
    ]
}