{
    "current_round": [
        1,
        2,
        3,
        4,
        5,
        6,
        7,
        8,
        9,
        10
    ],
    "global_loss": [
        2.5547385494709016,
        2.5547309362888337,
        2.5547132695913315,
        2.55470435488224,
        2.5547168114185332,
        2.554688598752022,
        2.554726975917816,
        2.5547519569396973,
        2.5547271908521654,
        2.5546860386133194
    ],
    "global_accuracy": [
        0.0949,
        0.095,
        0.095,
        0.0947,
        0.0947,
        0.0949,
        0.0952,
        0.0947,
        0.095,
        0.0948
    ],
    "total_time": [
        2.3350263583662905,
        2.3350263583662905,
        2.3350263583662905,
        2.3350263583662905,
        2.3350263583662905,
        2.560130589067792,
        2.560130589067792,
        2.560130589067792,
        2.560130589067792,
        2.560130589067792
    ],
    "total_energy": [
        5.897859553531742,
        5.897859553531742,
        5.897859553531742,
        5.897859553531742,
        5.897859553531742,
        6.185760946404612,
        6.185760946404612,
        6.185760946404612,
        6.185760946404612,
        6.185760946404612
    ],
    "env_all_time": [
        2.3350263583662905,
        4.670052716732581,
        7.005079075098871,
        9.340105433465162,
        11.675131791831452,
        14.235262380899243,
        16.795392969967036,
        19.35552355903483,
        21.91565414810262,
        24.475784737170414
    ],
    "env_all_energy": [
        5.897859553531742,
        11.795719107063483,
        17.693578660595225,
        23.591438214126967,
        29.48929776765871,
        35.67505871406332,
        41.86081966046793,
        48.046580606872546,
        54.23234155327716,
        60.41810249968177
    ]
}